file,status
068331c9-03c6-4af3-81a0-a9f312360cbc.mp4,pending
0ab2c968-d761-4b9f-b32e-6bc221f8b737.mp4,pending
110e4808-3ff5-42da-96b8-0fa2cab5a96a.mp4,pending
14ceb514-68a1-43c0-8ead-b67607bc8f39.mp4,pending
1a6b2a6a-d2a8-486e-abb0-f135cfb4647d.mp4,pending
1c753c93-3671-45ee-bb84-5ec6196f6a7f.mp4,pending
1d52541a-678a-45a5-baac-9fb3459d4afd.mp4,pending
1eafd3fb-116e-4ee5-816b-1e51db7a70b1.mp4,pending
2bed005f-4dec-4f56-b827-539bd6e83cbb.mp4,pending
374cb6b8-327c-4ffa-a2d5-42aee685e114.mp4,pending
3cc2bdb2-1cc3-4985-a9ff-98e6894ef7cd.mp4,pending
3ee56e4b-76fd-4622-9a85-b59bbb441ad0.mp4,pending
42543cf8-6feb-45e4-96c2-66fd240b7c91.mp4,pending
47560498-6d33-4234-a122-287048d1e3e9.mp4,pending
4c0d9aaf-1c13-4ac1-a673-cef2230ae7f4.mp4,pending
5cf76c40-869c-47d1-bf48-f4c9ca2ac8da.mp4,pending
7eb53316-e3f7-4f89-baa5-27637034ed8c.mp4,pending
7efbc30b-79e0-47f4-a400-10dec8e6c17a.mp4,pending
941c98e7-8350-4137-8171-03782e80a8fc.mp4,pending
9b5b1e0f-b02d-4e63-ace0-8c4c27e79fbf.mp4,pending
9bd2f8bc-1ae5-4512-8315-149a45767e10.mp4,pending
adceae71-ed1e-427a-98cd-acf4ab9f907f.mp4,pending
b41aac26-243a-4a14-9be4-38412c13c3a3.mp4,pending
b856627c-eb84-4609-87fd-40f73df41910.mp4,pending
bd3d1285-c588-4dc8-880f-8e4f8723ca90.mp4,pending
cf5ce119-e82f-434c-8d80-b940e28caba5.mp4,pending
d114acaf-87d2-4d63-97e2-9f6f2b96ab5e.mp4,pending
d7db256c-7039-4c6d-ac55-17f92b229e2e.mp4,pending
f247321f-e68e-449f-895e-02caab79bd4a.mp4,pending
f54df617-9b77-427e-bf4c-17d35cd2322c.mp4,pending
f5892c4d-5326-406d-abea-1aaade66af05.mp4,pending
f8c241dd-79f5-46bc-9fd2-679afd32999c.mp4,pending
fa8f795e-87d2-4270-978f-8117893ae1dc.mp4,pending
